{"width": 13, "height": 13, "grid": [[0, 0, 0, 0, 0, 0, 0, 0, 0, 0, 0, 0, 0], [0, 1, 1, 1, 1, 1, 0, 1, 1, 1, 1, 1, 0], [0, 0, 0, 1, 0, 0, 0, 0, 0, 1, 0, 0, 0], [0, 0, 0, 0, 0, 0, 0, 0, 0, 0, 0, 0, 0], [0, 0, 1, 0, 0, 0, 0, 0, 0, 0, 1, 0, 0], [1, 1, 1, 0, 1, 1, 2, 1, 1, 0, 1, 1, 1], [3, 0, 0, 0, 1, 2, 2, 2, 1, 0, 0, 0, 3], [1, 1, 1, 0, 1, 1, 1, 1, 1, 0, 1, 1, 1], [0, 0, 1, 0, 0, 0, 0, 0, 0, 0, 1, 0, 0], [0, 0, 0, 0, 0, 0, 0, 0, 0, 0, 0, 0, 0], [0, 0, 0, 1, 0, 0, 0, 0, 0, 1, 0, 0, 0], [0, 1, 1, 1, 1, 1, 0, 1, 1, 1, 1, 1, 0], [0, 0, 0, 0, 0, 0, 0, 0, 0, 0, 0, 0, 0]], "score": 4.050431380088713, "adjustedScore": 5, "metrics": {"Dead-Ends%": 1.7857142857142858, "Straights%": 28.571428571428573, "Turns%": 17.857142857142858, "Junctions%": 37.5, "Crossroads%": 14.285714285714286, "Path%": 66.27218934911244, "Wall%": 30.17751479289941}, "legend": {"0": "path", "1": "wall", "2": "phantom", "3": "portal"}}