{"width": 13, "height": 13, "grid": [[0, 0, 0, 0, 0, 0, 0, 0, 0, 0, 0, 0, 0], [0, 1, 1, 0, 1, 0, 0, 0, 1, 0, 1, 1, 0], [0, 0, 1, 0, 1, 0, 0, 0, 1, 0, 1, 0, 0], [0, 0, 0, 0, 1, 0, 0, 0, 1, 0, 0, 0, 0], [0, 0, 0, 0, 0, 0, 0, 0, 0, 0, 0, 0, 0], [1, 1, 0, 0, 1, 1, 2, 1, 1, 0, 0, 1, 1], [3, 0, 0, 0, 1, 2, 2, 2, 1, 0, 0, 0, 3], [1, 1, 0, 0, 1, 1, 1, 1, 1, 0, 0, 1, 1], [0, 0, 0, 0, 0, 0, 0, 0, 0, 0, 0, 0, 0], [0, 0, 0, 0, 1, 0, 0, 0, 1, 0, 0, 0, 0], [0, 0, 1, 0, 1, 0, 0, 0, 1, 0, 1, 0, 0], [0, 1, 1, 0, 1, 0, 0, 0, 1, 0, 1, 1, 0], [0, 0, 0, 0, 0, 0, 0, 0, 0, 0, 0, 0, 0]], "score": 3.652600067214588, "adjustedScore": 4, "metrics": {"Dead-Ends%": 1.6666666666666667, "Straights%": 23.333333333333332, "Turns%": 10.0, "Junctions%": 48.333333333333336, "Crossroads%": 16.666666666666668, "Path%": 71.00591715976331, "Wall%": 25.443786982248522}, "legend": {"0": "path", "1": "wall", "2": "phantom", "3": "portal"}}