{"width": 13, "height": 13, "grid": [[0, 1, 1, 1, 0, 0, 0, 0, 0, 1, 1, 1, 0], [0, 0, 1, 0, 0, 0, 0, 0, 0, 0, 1, 0, 0], [0, 0, 0, 0, 0, 0, 0, 0, 0, 0, 0, 0, 0], [0, 0, 1, 1, 1, 0, 0, 0, 1, 1, 1, 0, 0], [0, 0, 0, 0, 0, 0, 0, 0, 0, 0, 0, 0, 0], [1, 1, 0, 0, 1, 1, 2, 1, 1, 0, 0, 1, 1], [3, 0, 0, 0, 1, 2, 2, 2, 1, 0, 0, 0, 3], [1, 1, 0, 0, 1, 1, 1, 1, 1, 0, 0, 1, 1], [0, 0, 0, 0, 0, 0, 0, 0, 0, 0, 0, 0, 0], [0, 0, 1, 1, 1, 0, 0, 0, 1, 1, 1, 0, 0], [0, 0, 0, 0, 0, 0, 0, 0, 0, 0, 0, 0, 0], [0, 0, 1, 0, 0, 0, 0, 0, 0, 0, 1, 0, 0], [0, 1, 1, 1, 0, 0, 0, 0, 0, 1, 1, 1, 0]], "score": 3.0826250554890104, "adjustedScore": 3, "metrics": {"Dead-Ends%": 5.172413793103448, "Straights%": 6.896551724137931, "Turns%": 13.793103448275861, "Junctions%": 53.44827586206897, "Crossroads%": 20.689655172413794, "Path%": 68.63905325443787, "Wall%": 27.810650887573964}, "legend": {"0": "path", "1": "wall", "2": "phantom", "3": "portal"}}