{"deadEnd": {"avg": 0.9667676334343, "pacman1.json": 0.9259259259259259, "pacman2.json": 0.6756756756756757, "pacman3.json": 1.2987012987012987}, "straight": {"avg": 72.9227062560396, "pacman1.json": 65.74074074074075, "pacman2.json": 77.70270270270271, "pacman3.json": 75.32467532467533}, "turn": {"avg": 12.212753879420546, "pacman1.json": 14.814814814814815, "pacman2.json": 10.135135135135135, "pacman3.json": 11.688311688311689}, "junction": {"avg": 11.86327019660353, "pacman1.json": 15.74074074074074, "pacman2.json": 9.45945945945946, "pacman3.json": 10.38961038961039}, "crossroad": {"avg": 2.0345020345020344, "pacman1.json": 2.7777777777777777, "pacman2.json": 2.027027027027027, "pacman3.json": 1.2987012987012987}, "pathProportion": {"avg": 46.646631936535464, "pacman1.json": 59.83379501385041, "pacman2.json": 39.257294429708224, "pacman3.json": 40.84880636604775}, "wallProportion": {"avg": 50.7657528576432, "pacman1.json": 38.504155124653735, "pacman2.json": 57.824933687002655, "pacman3.json": 55.96816976127321}}