{"deadEnd": {"avg": 0.9568744714363827, "pacman1.json": 0.9174311926605505, "pacman2.json": 0.6711409395973155, "pacman3.json": 1.2820512820512822}, "straight": {"avg": 73.18280683529129, "pacman1.json": 66.05504587155963, "pacman2.json": 77.85234899328859, "pacman3.json": 75.64102564102564}, "turn": {"avg": 12.094824904996692, "pacman1.json": 14.678899082568808, "pacman2.json": 10.06711409395973, "pacman3.json": 11.538461538461538}, "junction": {"avg": 11.749571228667342, "pacman1.json": 15.596330275229358, "pacman2.json": 9.395973154362416, "pacman3.json": 10.256410256410257}, "crossroad": {"avg": 2.0159225596082933, "pacman1.json": 2.7522935779816513, "pacman2.json": 2.0134228187919465, "pacman3.json": 1.2820512820512822}, "pathProportion": {"avg": 47.09655613275825, "pacman1.json": 60.387811634349035, "pacman2.json": 39.52254641909814, "pacman3.json": 41.37931034482759}, "wallProportion": {"avg": 52.90344386724174, "pacman1.json": 39.612188365650965, "pacman2.json": 60.47745358090185, "pacman3.json": 58.620689655172406}}