{"deadEnd": {"avg": 0.9568744714363827, "referenceMaze\\pacman1.json": 0.9174311926605505, "referenceMaze\\pacman2.json": 0.6711409395973155, "referenceMaze\\pacman3.json": 1.2820512820512822}, "straight": {"avg": 73.18280683529129, "referenceMaze\\pacman1.json": 66.05504587155963, "referenceMaze\\pacman2.json": 77.85234899328859, "referenceMaze\\pacman3.json": 75.64102564102564}, "turn": {"avg": 12.094824904996692, "referenceMaze\\pacman1.json": 14.678899082568808, "referenceMaze\\pacman2.json": 10.06711409395973, "referenceMaze\\pacman3.json": 11.538461538461538}, "junction": {"avg": 11.749571228667342, "referenceMaze\\pacman1.json": 15.596330275229358, "referenceMaze\\pacman2.json": 9.395973154362416, "referenceMaze\\pacman3.json": 10.256410256410257}, "crossroad": {"avg": 2.0159225596082933, "referenceMaze\\pacman1.json": 2.7522935779816513, "referenceMaze\\pacman2.json": 2.0134228187919465, "referenceMaze\\pacman3.json": 1.2820512820512822}}